{
  "project_info": {
    "project_number": "266474241397",
    "project_id": "main-fire-store",
    "storage_bucket": "main-fire-store.appspot.com"
  },
  "client": [
    {
      "client_info": {
        "mobilesdk_app_id": "1:266474241397:android:f297585ea678fe178b273c",
        "android_client_info": {
          "package_name": "com.informusksr.inform_us"
        }
      },
      "oauth_client": [
        {
          "client_id": "266474241397-g72hijn6qt73lqqhvphhd1fld1fnmmrd.apps.googleusercontent.com",
          "client_type": 3
        }
      ],
      "api_key": [
        {
          "current_key": "AIzaSyASGYfFJ7Ki4pwDatKZF0s2VURUe403YW0"
        }
      ],
      "services": {
        "appinvite_service": {
          "other_platform_oauth_client": [
            {
              "client_id": "266474241397-g72hijn6qt73lqqhvphhd1fld1fnmmrd.apps.googleusercontent.com",
              "client_type": 3
            },
            {
              "client_id": "266474241397-75qofhsrtaqv5053vl5q5di4e27pa3vq.apps.googleusercontent.com",
              "client_type": 2,
              "ios_info": {
                "bundle_id": "com.example.informUsVentdor"
              }
            }
          ]
        }
      }
    },
    {
      "client_info": {
        "mobilesdk_app_id": "1:266474241397:android:1dce9bfd415c5ff18b273c",
        "android_client_info": {
          "package_name": "com.informusksr.inform_us_admin"
        }
      },
      "oauth_client": [
        {
          "client_id": "266474241397-g72hijn6qt73lqqhvphhd1fld1fnmmrd.apps.googleusercontent.com",
          "client_type": 3
        }
      ],
      "api_key": [
        {
          "current_key": "AIzaSyASGYfFJ7Ki4pwDatKZF0s2VURUe403YW0"
        }
      ],
      "services": {
        "appinvite_service": {
          "other_platform_oauth_client": [
            {
              "client_id": "266474241397-g72hijn6qt73lqqhvphhd1fld1fnmmrd.apps.googleusercontent.com",
              "client_type": 3
            },
            {
              "client_id": "266474241397-75qofhsrtaqv5053vl5q5di4e27pa3vq.apps.googleusercontent.com",
              "client_type": 2,
              "ios_info": {
                "bundle_id": "com.example.informUsVentdor"
              }
            }
          ]
        }
      }
    },
    {
      "client_info": {
        "mobilesdk_app_id": "1:266474241397:android:86ce794ff969841d8b273c",
        "android_client_info": {
          "package_name": "com.informusksr.inform_us_vendor"
        }
      },
      "oauth_client": [
        {
          "client_id": "266474241397-g72hijn6qt73lqqhvphhd1fld1fnmmrd.apps.googleusercontent.com",
          "client_type": 3
        }
      ],
      "api_key": [
        {
          "current_key": "AIzaSyASGYfFJ7Ki4pwDatKZF0s2VURUe403YW0"
        }
      ],
      "services": {
        "appinvite_service": {
          "other_platform_oauth_client": [
            {
              "client_id": "266474241397-g72hijn6qt73lqqhvphhd1fld1fnmmrd.apps.googleusercontent.com",
              "client_type": 3
            },
            {
              "client_id": "266474241397-75qofhsrtaqv5053vl5q5di4e27pa3vq.apps.googleusercontent.com",
              "client_type": 2,
              "ios_info": {
                "bundle_id": "com.example.informUsVentdor"
              }
            }
          ]
        }
      }
    }
  ],
  "configuration_version": "1"
}