{
  "project_info": {
    "project_number": "561814024026",
    "project_id": "inform-us-ad-pos",
    "storage_bucket": "inform-us-ad-pos.appspot.com"
  },
  "client": [
    {
      "client_info": {
        "mobilesdk_app_id": "1:561814024026:android:fef00d24c6dd3e9d748d63",
        "android_client_info": {
          "package_name": "com.informustech.pos.mob.pos_mobile_f_net"
        }
      },
      "oauth_client": [],
      "api_key": [
        {
          "current_key": "AIzaSyA7QYnQ4yXuL9kouenrmxMfN1cy_p6BXf8"
        }
      ],
      "services": {
        "appinvite_service": {
          "other_platform_oauth_client": []
        }
      }
    }
  ],
  "configuration_version": "1"
}